Requirement ID,Module,Source (WF / User Req / Cursor / Walkthrough),Description,API Endpoint(s),DB Table(s) / Schema,Audit Event(s),Permission Action,WF-064?,Test ID(s),Spec Section
REQ-IDENT-001,identity,WF-024,Successful login creates session and returns user payload,POST /api/auth/login,identity.users + identity.sessions,identity.login_succeeded,n/a (public),no,T-130.1,7.1.4
REQ-IDENT-002,identity,WF-024 + Email-Enum Defense,Login with wrong password returns generic E_LOGIN_INVALID_CREDENTIALS,POST /api/auth/login,identity.users,identity.login_failed (reason=invalid_credentials),n/a (public),no,T-130.2,7.1.5.7
REQ-IDENT-003,identity,WF-024 + Email-Enum Defense,Login with non-existent email returns same generic message and >=200ms response,POST /api/auth/login,identity.users,identity.login_failed (reason=email_unknown),n/a (public),no,T-130.3,7.1.5.7
REQ-IDENT-004,identity,WF-024 + Part 4.1.2.5,5 failed logins in 15min triggers 30min lockout,POST /api/auth/login,identity.users (locked_until),identity.lockout_triggered,n/a (public),no,T-130.4,7.1.5.6
REQ-IDENT-005,identity,WF-024 + Part 4.1.2.5,Successful login after lockout window resets failed_login_count,POST /api/auth/login,identity.users,identity.login_succeeded + identity.lockout_cleared,n/a (public),no,T-130.5,7.1.5.6
REQ-IDENT-006,identity,WF-024,Logout clears session cookie and records logout event,POST /api/auth/logout,identity.sessions,identity.logout,authenticated user,no,T-130.6,7.1.4
REQ-IDENT-007,identity,WF-024 + Part 4.1.2.1,Driver-role user requires linked_driver_uuid,POST /api/admin/users,identity.users + master_data.drivers,identity.user_created,identity.user.create,no,T-130.7,7.1.5.3
REQ-IDENT-008,identity,WF-024 + Part 4.1.2.2,Non-driver-role user must NOT have linked_driver_uuid,POST /api/admin/users,identity.users,identity.user_created,identity.user.create,no,T-130.8,7.1.5.3
REQ-IDENT-009,identity,WF-024 + 7.1.5.3,Cannot link two users to the same driver,POST /api/admin/users,identity.users + master_data.drivers,n/a (validation rejection),identity.user.create,no,T-130.9,7.1.5.3
REQ-IDENT-010,identity,Part 4.1.2 unique index,Email already in use rejected,POST /api/admin/users,identity.users (email_normalized unique),n/a (validation rejection),identity.user.create,no,T-130.10,Part 4.1.2
REQ-IDENT-011,identity,WF-064 + Part 6.8.2,Role change emits identity.user_role_changed warning + WF-064 Owner notification,PATCH /api/admin/users/{uuid},identity.users,identity.user_role_changed,identity.user.role_change,yes,T-130.11,Part 6.8.2 + 7.1.9
REQ-IDENT-012,identity,WF-064 + 7.1.5.3,Admin cannot promote to Owner; emits identity.user_role_change_blocked,PATCH /api/admin/users/{uuid},identity.users,identity.user_role_change_blocked,identity.user.role_change,yes,T-130.12,7.1.5.3
REQ-IDENT-013,identity,Part 4.0.2.2,Optimistic concurrency via version mismatch returns E_VERSION_CONFLICT,PATCH /api/admin/users/{uuid},identity.users (version),n/a,identity.user.update,no,T-130.13,Part 4.0.2.2
REQ-IDENT-014,identity,WF-064 + Part 6.8.2,Deactivate user revokes sessions and emits identity.user_deactivated,POST /api/admin/users/{uuid}/deactivate,identity.users (status=deactivated) + identity.sessions,identity.user_deactivated,identity.user.deactivate,yes,T-130.14,Part 6.8.2 + 7.1.5.4
REQ-IDENT-015,identity,WF-064 + 7.1.5.4,Last Owner cannot be deactivated; emits identity.user_deactivation_blocked,POST /api/admin/users/{uuid}/deactivate,identity.users,identity.user_deactivation_blocked,identity.user.deactivate,yes,T-130.15,7.1.5.4
REQ-IDENT-016,identity,WF-064 + 7.1.5.5,Owner can grant permanent permission with reason,POST /api/admin/users/{uuid}/permissions/grant,identity.permission_grants,identity.permission_granted,identity.permission.grant,yes,T-130.16,7.1.5.5
REQ-IDENT-017,identity,WF-064 + 7.1.5.5,Admin permanent grant blocked; emits identity.permission_grant_blocked,POST /api/admin/users/{uuid}/permissions/grant,identity.permission_grants,identity.permission_grant_blocked,identity.permission.grant,yes,T-130.17,7.1.5.5
REQ-IDENT-018,identity,7.1.5.5,Grant duration max 90 days,POST /api/admin/users/{uuid}/permissions/grant,identity.permission_grants,n/a (validation rejection),identity.permission.grant,no,T-130.18,7.1.5.5
REQ-IDENT-019,identity,WF-024 + Part 4.1.3.1,Driver SELECT another driver returns empty result via RLS not 403,GET /api/admin/users (driver caller),identity.users,n/a,identity.user.list,no,T-130.19,Part 4.1.3.1
REQ-IDENT-020,identity,7.1.7,Manager cannot create users,POST /api/admin/users,n/a,n/a,identity.user.create,no,T-130.20,7.1.7
REQ-IDENT-021,identity,7.1.2.5,Profile self-update of phone allowed for any role,PATCH /api/profile,identity.users (phone),identity.user_updated,identity.user.update.self,no,T-130.21,7.1.2.5
REQ-IDENT-022,identity,7.1.7,User cannot self-elevate role via profile,PATCH /api/profile,n/a,n/a,identity.user.update.self,no,T-130.22,7.1.7
REQ-IDENT-023,identity,7.1.2.5.3,Self password change invalidates all OTHER sessions,PATCH /api/profile (password),identity.sessions + identity.users,identity.password_changed,identity.user.update.self,no,T-130.23,7.1.2.5.3
REQ-IDENT-024,identity,7.1.5.2,HIBP-compromised passwords rejected,POST /api/admin/users + PATCH /api/profile (password),n/a,n/a,n/a (validation),no,T-130.24,7.1.5.2
REQ-IDENT-025,identity,7.1.5.2,Password matching email/name rejected,POST /api/admin/users + PATCH /api/profile,n/a,n/a,n/a (validation),no,T-130.25,7.1.5.2
REQ-IDENT-026,identity,7.1.5.7,Login response time always >=200ms (constant-time defense),POST /api/auth/login,n/a,n/a,n/a (public),no,T-130.26,7.1.5.7
REQ-IDENT-027,identity,Part 4.0.5.4 + Part 4.1.3,Driver cannot SELECT audit_events,GET /api/audit/events (driver caller),audit.audit_events,n/a,audit.read,no,T-130.27,Part 4.0.5.4
REQ-IDENT-028,identity,Part 4.9.3.2,Direct INSERT to audit.audit_events bypassing append_event() blocked by RLS,n/a (DB-level),audit.audit_events,n/a,n/a (DB),no,T-130.28,Part 4.9.3.2
REQ-IDENT-029,identity,Part 4.9.3.1,UPDATE on audit.audit_events blocked by RLS for all roles,n/a (DB-level),audit.audit_events,n/a,n/a (DB),no,T-130.29,Part 4.9.3.1
REQ-IDENT-030,identity,Part 4.9.3.1,DELETE on audit.audit_events blocked by RLS for all roles,n/a (DB-level),audit.audit_events,n/a,n/a (DB),no,T-130.30,Part 4.9.3.1
REQ-IDENT-031,identity,Part 6.8 + WF-064,All 4 WF-064 actions display lightning-bolt icon per Part 6.4.2.5,UI rendering,n/a,n/a,n/a (UI),yes,T-130.31,Part 6.8.1.1
REQ-IDENT-032,identity,Part 6.4.5.4 + WF-064,All 4 WF-064 actions trigger 2-step confirmation modal with typed phrase,UI rendering,n/a,n/a,n/a (UI),yes,T-130.32,Part 6.4.5.4
REQ-MDATA-001,master_data,WF-024 + WF-033 + Part 4.2.2.1,Driver creation atomically creates driver + linked vendor in same transaction,POST /api/drivers,master_data.drivers + master_data.vendors,master_data.driver_created + master_data.vendor_created,master_data.driver.create,no,T-131.1,7.2.4
REQ-MDATA-002,master_data,Part 4.2.2.1,Direct INSERT to drivers bypassing service function blocked by trigger,n/a (DB),master_data.drivers,n/a,n/a (DB),no,T-131.2,Part 4.2.2.1
REQ-MDATA-003,master_data,Part 4.2.2.2,Driver-vendor must have driver_uuid; CHECK constraint,n/a (DB),master_data.vendors,n/a,n/a (DB),no,T-131.3,Part 4.2.2.2
REQ-MDATA-004,master_data,7.2.5.9 + WF-033,Driver name update cascades to linked vendor names via trigger,PATCH /api/drivers/{uuid},master_data.drivers + master_data.vendors,master_data.driver_updated,master_data.driver.update,no,T-131.4,7.2.5.9
REQ-MDATA-005,master_data,7.2.5.2,CDL <30 days from expiry triggers UI badge + email notification,n/a (cron),master_data.drivers,master_data.cdl_expiring_30days,n/a (cron),no,T-131.5,7.2.5.2
REQ-MDATA-006,master_data,7.2.8.1 + Part 5.5.4.2,CDL <7 days from expiry triggers SMS via Twilio (operational exception),n/a (cron),master_data.drivers,master_data.cdl_expiring_7days,n/a (cron),no,T-131.6,7.2.8.1
REQ-MDATA-007,master_data,7.2.5.3,Hire date >30 days in past rejected E_VALIDATION,POST /api/drivers,master_data.drivers,n/a,master_data.driver.create,no,T-131.7,7.2.5.3
REQ-MDATA-008,master_data,7.2.7.2 + Part 4.2.3.3,Driver self-update of phone allowed; CDL update blocked,PATCH /api/drivers/self/contact,master_data.drivers (limited fields),master_data.driver_updated,master_data.driver.update.self,no,T-131.8,7.2.7.2
REQ-MDATA-009,master_data,7.2.7.1 + Part 4.2.3.1,Driver self-SELECT only own row via RLS,GET /api/drivers (driver caller),master_data.drivers,n/a,master_data.driver.read,no,T-131.9,7.2.7.1
REQ-MDATA-010,master_data,WF-064 + Part 4.2.2.6,Forfeiture clause flip false to true requires Owner + evidence + 20-char reason,POST /api/drivers/{uuid}/forfeiture-clause/activate,master_data.drivers,master_data.forfeiture_clause_activated,master_data.driver.forfeiture_clause.activate,yes,T-131.10,Part 4.2.2.6
REQ-MDATA-011,master_data,WF-064 + 7.2.5.8,Forfeiture clause activation by Admin blocked; emits forfeiture_clause_activation_blocked,POST /api/drivers/{uuid}/forfeiture-clause/activate,master_data.drivers,master_data.forfeiture_clause_activation_blocked,master_data.driver.forfeiture_clause.activate,yes,T-131.11,7.2.5.8
REQ-MDATA-012,master_data,WF-064 + Part 4.2.2.6,Forfeiture clause already active rejected E_FORFEITURE_CLAUSE_ALREADY_ACTIVE,POST /api/drivers/{uuid}/forfeiture-clause/activate,master_data.drivers,master_data.forfeiture_clause_activation_blocked,master_data.driver.forfeiture_clause.activate,yes,T-131.12,Part 4.2.2.6
REQ-MDATA-013,master_data,WF-064 + 7.2.5.8,Forfeiture clause flip true to false blocked entirely (Phase 2),n/a,master_data.drivers,n/a,n/a,yes,T-131.13,7.2.5.8
REQ-MDATA-014,master_data,WF-033 + Part 4.3.2.4,Unit creation atomically creates unit + matching catalogs.classes row,POST /api/units,master_data.units + catalogs.classes,master_data.unit_created + catalogs.class_created,master_data.unit.create,no,T-132.1,Part 4.3.2.4
REQ-MDATA-015,master_data,WF-033 + Part 4.2.2.3,Unit qbo_class_uuid must reference active class,POST /api/units,master_data.units,n/a,master_data.unit.create,no,T-132.2,Part 4.2.2.3
REQ-MDATA-016,master_data,WF-024 + 7.2.5.5,VIN with invalid check digit rejected E_VIN_CHECKSUM_INVALID,POST /api/units,master_data.units,n/a,master_data.unit.create,no,T-132.3,7.2.5.5
REQ-MDATA-017,master_data,WF-033 + 7.2.4,Unit display_id duplicate rejected E_UNIT_DISPLAY_ID_DUPLICATE,POST /api/units,master_data.units,n/a,master_data.unit.create,no,T-132.4,7.2.4
REQ-MDATA-018,master_data,Part 4.2.2.4,Unit acquired_date > retired_date CHECK rejects,n/a (DB),master_data.units,n/a,n/a (DB),no,T-132.5,Part 4.2.2.4
REQ-MDATA-019,master_data,WF-064 + 7.2.7,Unit retire emits master_data.unit_retired warning + WF-064 Owner notification,POST /api/units/{uuid}/retire,master_data.units,master_data.unit_retired,master_data.unit.retire,yes,T-132.6,7.2.7
REQ-MDATA-020,master_data,WF-064 + 7.2.9,Unit retire when has open WO blocked; emits unit_retirement_blocked,POST /api/units/{uuid}/retire,master_data.units,master_data.unit_retirement_blocked,master_data.unit.retire,yes,T-132.7,7.2.9
REQ-MDATA-021,master_data,WF-024 + Part 4.11.1,views.unit_pnl_monthly aggregates correctly via canonical tables only,GET /api/units/{uuid}/pnl,views.unit_pnl_monthly,n/a,master_data.unit.read,no,T-132.8,Part 4.11.1
REQ-MDATA-022,master_data,WF-031 + Part 3.12.4.8,Customer creation queues QBO outbox; qbo_customer_id populated,POST /api/customers,master_data.customers + outbox.queue,master_data.customer_created,master_data.customer.create,no,T-133.1,Part 3.12.4.8
REQ-MDATA-023,master_data,WF-024 + 7.2.2.5.3,Customer detention config update emits audit; per-customer override respected,PATCH /api/customers/{uuid}/detention-config,master_data.customers,master_data.customer_detention_config_updated,master_data.customer.update,no,T-133.2,7.2.2.5.3
REQ-MDATA-024,master_data,WF-018 + Q9,Customer factoring_eligible respected in factoring routing (Part 10 banking),GET /api/factoring/eligible-customers,master_data.customers,n/a,master_data.customer.read,no,T-133.3,Q9
REQ-MDATA-025,master_data,WF-031 + Part 3.12.4.8,Vendor creation queues QBO outbox; qbo_vendor_id populated,POST /api/vendors,master_data.vendors + outbox.queue,master_data.vendor_created,master_data.vendor.create,no,T-134.1,Part 3.12.4.8
REQ-MDATA-026,master_data,WF-033 + Part 4.2.2.1,Manual driver-vendor creation rejected outside driver-create flow,POST /api/vendors,master_data.vendors,n/a,master_data.vendor.create,no,T-134.2,Part 4.2.2.1
REQ-MDATA-027,master_data,WF-024 + Part 4.2 RLS,Vendor tax_id stored encrypted; SELECT ciphertext for non-Owner/Admin,GET /api/vendors/{uuid},master_data.vendors (encrypted column),n/a,master_data.vendor.tax_id.read,no,T-134.3,Part 4.2
REQ-MDATA-028,master_data,WF-024 + 7.2.9.2,Tax ID decryption emits vendor_tax_id_accessed warning audit (no sampling),GET /api/vendors/{uuid}/tax-id-decrypted,master_data.vendors,master_data.vendor_tax_id_accessed,master_data.vendor.tax_id.read,no,T-134.4,7.2.9.2
REQ-MDATA-029,master_data,WF-024 + 7.2.2.6.3,1099-eligible vendor query for tax reporting works,GET /api/vendors/1099-eligible,master_data.vendors,n/a,master_data.vendor.list,no,T-134.5,7.2.2.6.3
REQ-MDATA-030,master_data,WF-024 + Part 5.2.3,Location creation triggers Samsara outbound geofence push,POST /api/locations,master_data.locations + outbox.queue,master_data.location_geofence_pushed_to_samsara,master_data.location.create,no,T-135.1,Part 5.2.3
REQ-MDATA-031,master_data,WF-024 + WF-014 + Part 3.13.9,Border-crossing location surfaces in routing flow,GET /api/locations?is_border_crossing=true,master_data.locations,n/a,master_data.location.read,no,T-135.2,Part 3.13.9
REQ-MDATA-032,master_data,WF-024 + 7.2.4,Equipment with serial_number duplicate within type warned E_VALIDATION,POST /api/equipment,master_data.equipment,n/a,master_data.equipment.create,no,T-135.3,7.2.4
REQ-MDATA-033,master_data,WF-047 + Part 4.2.2.5 + 7.2.5.6,Equipment transfer with same initiator/confirmer rejected by trigger AND API,POST /api/equipment/transfer-logs/{uuid}/confirm,master_data.equipment_log,master_data.equipment_transfer_dual_confirmation_violation,master_data.equipment.transfer.confirm,no,T-135.4,Part 4.2.2.5
REQ-MDATA-034,master_data,WF-047 + 7.2.5.7,Equipment with pending transfer blocks new transfer E_EQUIPMENT_TRANSFER_PENDING,POST /api/equipment/{uuid}/transfer,master_data.equipment_log,n/a,master_data.equipment.transfer.initiate,no,T-135.5,7.2.5.7
REQ-MDATA-035,master_data,WF-064 + Part 3.13.3.7,Equipment loss creates driver liability cross-module; fires WF-064,POST /api/equipment/{uuid}/report-loss,master_data.equipment + driver_finance.driver_liabilities,master_data.equipment_loss_reported,master_data.equipment.report_loss,yes,T-135.6,Part 3.13.3.7
REQ-MDATA-036,master_data,WF-058 + Part 3.17 + Part 5.4,Equipment damage photos use chain-of-custody R2 active bucket,POST /api/equipment/{uuid}/report-damage,master_data.equipment + documents.evidence_records,master_data.equipment_damage_reported,master_data.equipment.report_damage,no,T-135.7,Part 3.17
REQ-MDATA-037,master_data,WF-064 + Part 4.2.2.7 + 7.2.5.10,Cached debt cache columns cannot be UPDATEd via master_data API; trigger blocks,PATCH /api/drivers/{uuid},master_data.drivers (debt cache columns),n/a,master_data.driver.update,yes,T-135.8,Part 4.2.2.7
REQ-MDATA-038,master_data,WF-024 + Part 4.5.4.1,Drivers list view shows cached total_active_debt; no live recompute (reporting context),GET /api/drivers,master_data.drivers (cached),n/a,master_data.driver.list,no,T-135.9,Part 4.5.4.1
REQ-MDATA-039,master_data,WF-064 + Part 4.5.4.3,Driver detail Earnings tab fires LIVE recompute on load; computed_at displayed,GET /api/drivers/{uuid}/earnings,master_data.drivers + driver_finance.recompute_driver_debt(),n/a,master_data.driver.read,yes,T-135.10,Part 4.5.4.3
REQ-MDATA-040,master_data,WF-024 + 7.2.7,Driver equipment dropdown shows only self-assigned via RLS,GET /api/equipment?assigned_to_driver=self,master_data.equipment,n/a,master_data.equipment.list,no,T-135.11,7.2.7
REQ-MDATA-041,master_data,WF-047 + Part 4.2.2.5,Equipment transfer to unit (not driver) succeeds with same dual-confirmation rule,POST /api/equipment/{uuid}/transfer,master_data.equipment_log,master_data.equipment_transfer_initiated,master_data.equipment.transfer.initiate,no,T-135.12,Part 4.2.2.5
REQ-MDATA-042,master_data,WF-024 + Part 6.3.4,Right-click context menu on driver row mirrors hover dropdown,UI rendering,n/a,n/a,n/a (UI),no,T-135.13,Part 6.3.4
REQ-CATAL-001,catalogs,WF-028 + 7.3.4,Account creation with valid 4-digit code succeeds; emits catalogs.account_created,POST /api/catalogs/accounts,catalogs.accounts,catalogs.account_created,catalogs.account.create,no,T-136.1,7.3.4
REQ-CATAL-002,catalogs,WF-028 + 7.3.5.1,Account code with letters rejected E_VALIDATION,POST /api/catalogs/accounts,catalogs.accounts,n/a,catalogs.account.create,no,T-136.2,7.3.5.1
REQ-CATAL-003,catalogs,WF-028 + Part 3.18.4.2 + 7.3.5.2,Code update blocked when first_posting_at set; E_ACCOUNT_CODE_LOCKED,PATCH /api/catalogs/accounts/{uuid},catalogs.accounts,n/a,catalogs.account.update_display_name,no,T-136.3,Part 3.18.4.2
REQ-CATAL-004,catalogs,WF-028 + 7.3.5.4,Owning module enforcement; cross-module account create rejected,POST /api/catalogs/accounts,catalogs.accounts,n/a,catalogs.account.create,no,T-136.4,7.3.5.4
REQ-CATAL-005,catalogs,WF-028 + 7.3.4,Duplicate code (any lifecycle_state) rejected E_ACCOUNT_CODE_DUPLICATE,POST /api/catalogs/accounts,catalogs.accounts,n/a,catalogs.account.create,no,T-136.5,7.3.4
REQ-CATAL-006,catalogs,WF-028 + Part 4.3.2.2,first_posting_at populated automatically on first JE line INSERT,n/a (trigger),catalogs.accounts (first_posting_at),n/a,n/a (DB),no,T-136.6,Part 4.3.2.2
REQ-CATAL-007,catalogs,WF-028 + 7.3.5.3,Lifecycle DAG transitions draft to active to frozen to archived all succeed,POST /api/catalogs/accounts/{uuid}/lifecycle-transition,catalogs.accounts,catalogs.account_lifecycle_changed,catalogs.account.lifecycle_change,yes,T-137.1,7.3.5.3
REQ-CATAL-008,catalogs,WF-064 + 7.3.5.3 + 7.3.9,Backward transition active to draft rejected E_LIFECYCLE_TRANSITION_INVALID; blocked variant fires,POST /api/catalogs/accounts/{uuid}/lifecycle-transition,catalogs.accounts,catalogs.account_lifecycle_change_blocked,catalogs.account.lifecycle_change,yes,T-137.2,7.3.5.3
REQ-CATAL-009,catalogs,WF-064 + 7.3.5.3,Archived to anything rejected (terminal),POST /api/catalogs/accounts/{uuid}/lifecycle-transition,catalogs.accounts,catalogs.account_lifecycle_change_blocked,catalogs.account.lifecycle_change,yes,T-137.3,7.3.5.3
REQ-CATAL-010,catalogs,WF-064 + 7.3.7,Lifecycle change by Accountant E_PERMISSION_DENIED (Owner/Admin only),POST /api/catalogs/accounts/{uuid}/lifecycle-transition,catalogs.accounts,n/a,catalogs.account.lifecycle_change,yes,T-137.4,7.3.7
REQ-CATAL-011,catalogs,WF-064 + 7.3.9,Successful lifecycle change emits warning + WF-064 Owner notification,POST /api/catalogs/accounts/{uuid}/lifecycle-transition,catalogs.accounts,catalogs.account_lifecycle_changed,catalogs.account.lifecycle_change,yes,T-137.5,7.3.9
REQ-CATAL-012,catalogs,WF-008 + Part 4.6.2.3,Posting to archived account rejected E_POSTING_ACCOUNT_NOT_ACTIVE,POST /api/accounting/post,accounting.journal_entry_lines + catalogs.accounts,n/a,accounting.post,no,T-137.6,Part 4.6.2.3
REQ-CATAL-013,catalogs,WF-064 + 7.3.5.8,Account merge same type succeeds; merge_record + source archived; WF-064,POST /api/catalogs/accounts/{uuid}/merge,catalogs.accounts + catalogs.account_merge_records,catalogs.account_merged,catalogs.account.merge,yes,T-138.1,7.3.5.8
REQ-CATAL-014,catalogs,WF-064 + 7.3.5.8 + 7.3.9,Merge with different types blocked E_MERGE_ACCOUNT_TYPE_MISMATCH; blocked variant,POST /api/catalogs/accounts/{uuid}/merge,catalogs.accounts,catalogs.account_merge_blocked,catalogs.account.merge,yes,T-138.2,7.3.5.8
REQ-CATAL-015,catalogs,WF-064 + 7.3.5.8,Merge source bound to active role blocked E_MERGE_SOURCE_ROLE_BOUND,POST /api/catalogs/accounts/{uuid}/merge,catalogs.accounts + catalogs.account_role_bindings,catalogs.account_merge_blocked,catalogs.account.merge,yes,T-138.3,7.3.5.8
REQ-CATAL-016,catalogs,WF-064 + 7.3.7,Merge by Admin blocked (Owner only),POST /api/catalogs/accounts/{uuid}/merge,catalogs.accounts,n/a,catalogs.account.merge,yes,T-138.4,7.3.7
REQ-CATAL-017,catalogs,WF-064 + Part 3.18.7,Merge default historical postings stay on source; reports footnote,POST /api/catalogs/accounts/{uuid}/merge,catalogs.accounts,catalogs.account_merged,catalogs.account.merge,yes,T-138.5,Part 3.18.7
REQ-CATAL-018,catalogs,WF-064 + Part 3.18.7 + 7.3.6,Merge with migrate_historical=true moves postings; QBO outbox queued,POST /api/catalogs/accounts/{uuid}/merge,catalogs.accounts + accounting.journal_entry_lines + outbox.queue,catalogs.account_merged,catalogs.account.merge,yes,T-138.6,7.3.6
REQ-CATAL-019,catalogs,WF-028 + 7.3.5.5 + Part 3.18.5.4,Posting templates DB rows mirror code constants at deploy time; mismatch fails build,n/a (deploy),catalogs.posting_templates,catalogs.posting_template_validated,n/a (deploy),no,T-139.1,Part 3.18.5.4
REQ-CATAL-020,catalogs,WF-028 + 7.3.5.5,Adding new template requires code change AND migration row,n/a (deploy),catalogs.posting_templates,n/a,n/a (deploy),no,T-139.2,7.3.5.5
REQ-CATAL-021,catalogs,WF-064 + 7.3.7,Template version pin by Owner succeeds; emits warning + WF-064,POST /api/catalogs/posting-templates/{code}/version-pin,catalogs.posting_templates,catalogs.posting_template_version_pinned,catalogs.posting_template.version_pin,yes,T-139.3,7.3.7
REQ-CATAL-022,catalogs,WF-064 + 7.3.7,Template version pin by Admin blocked (Owner only),POST /api/catalogs/posting-templates/{code}/version-pin,catalogs.posting_templates,n/a,catalogs.posting_template.version_pin,yes,T-139.4,7.3.7
REQ-CATAL-023,catalogs,WF-028 + Part 4.3.2.6 + 7.3.5.6,Account role binding overlap on same role/date rejected E_ROLE_BINDING_OVERLAP,POST /api/catalogs/account-role-bindings,catalogs.account_role_bindings,catalogs.account_role_binding_create_blocked,catalogs.account_role_binding.create,yes,T-140.1,Part 4.3.2.6
REQ-CATAL-024,catalogs,WF-028 + 7.3.5.6,Removing only active binding for in-use role rejected E_ROLE_BINDING_GAP_PROHIBITED,DELETE /api/catalogs/account-role-bindings/{uuid},catalogs.account_role_bindings,catalogs.account_role_binding_update_blocked,catalogs.account_role_binding.update,yes,T-140.2,7.3.5.6
REQ-CATAL-025,catalogs,WF-064 + 7.3.7,Role binding create by Manager blocked (Owner/Admin only),POST /api/catalogs/account-role-bindings,catalogs.account_role_bindings,n/a,catalogs.account_role_binding.create,yes,T-140.3,7.3.7
REQ-CATAL-026,catalogs,WF-064 + 7.3.9,Role binding update emits warning + WF-064 Owner notification,PATCH /api/catalogs/account-role-bindings/{uuid},catalogs.account_role_bindings,catalogs.account_role_binding_updated,catalogs.account_role_binding.update,yes,T-140.4,7.3.9
REQ-CATAL-027,catalogs,WF-064 + 7.3.9,Role binding update with overlap emits update_blocked variant,PATCH /api/catalogs/account-role-bindings/{uuid},catalogs.account_role_bindings,catalogs.account_role_binding_update_blocked,catalogs.account_role_binding.update,yes,T-140.5,7.3.9
REQ-CATAL-028,catalogs,WF-033 + Part 4.3.2.4,classes.unit_uuid unique; second class for same unit CHECK rejects,POST /api/catalogs/classes,catalogs.classes,n/a,n/a (DB),no,T-140.6,Part 4.3.2.4
REQ-CATAL-029,catalogs,WF-033 + Part 4.3.2.4,Class created in same transaction as unit (atomic via service function),POST /api/units (which calls create_unit_with_class),master_data.units + catalogs.classes,catalogs.class_created,master_data.unit.create,no,T-140.7,Part 4.3.2.4
REQ-CATAL-030,catalogs,WF-028 + 7.3.7,Item create/update by Accountant; sampled audit,POST /api/catalogs/items + PATCH /api/catalogs/items/{uuid},catalogs.items,catalogs.item_created,catalogs.item.crud,no,T-140.8,7.3.7
REQ-CATAL-031,catalogs,WF-028 + 7.3.7,Payment terms create/update by Accountant; sampled audit,POST /api/catalogs/payment-terms + PATCH /api/catalogs/payment-terms/{uuid},catalogs.payment_terms,catalogs.payment_terms_created,catalogs.payment_terms.crud,no,T-140.9,7.3.7
REQ-CATAL-032,catalogs,WF-031 + WF-063 + Part 3.18.7.4 + Part 5.1.5,QBO inbound creates Account with owning_module=unmapped + lifecycle=frozen + WF-064 notification,n/a (inbound CDC),catalogs.accounts,catalogs.qbo_inbound_account_unmapped,n/a (inbound),yes,T-140.10,Part 3.18.7.4
REQ-CATAL-033,catalogs,WF-028 + 7.3.7,catalogs.us_states readable by all roles including driver,GET /api/catalogs/us-states,catalogs.us_states,n/a,catalogs.us_states.read,no,T-140.11,7.3.7
REQ-CATAL-034,catalogs,Cursor Rev 2 + 7.3.4.1 Profile A,All 7 read-only catalogs actions (account/posting_template/role_binding/class list+read; us_states.read) covered by Contract Profile A; E_VALIDATION + E_PERMISSION_DENIED + optional E_NOT_FOUND,GET endpoints per 7.3.4.1 mapping,catalogs.{entity tables},catalogs.{entity}_read (sampled for accounts+templates only),catalogs.{action}.read,no,T-136.1 + T-139.1 + T-140.1 + T-140.6 + T-140.7 + T-140.11,7.3.4.1 Profile A
REQ-CATAL-035,catalogs,Cursor Rev 2 + 7.3.4.1 Profile B,Standard non-WF-064 CRUD on items + payment_terms covered by Profile B; entity-specific duplicate codes; version_conflict on update,POST + PATCH endpoints per 7.3.4.1,catalogs.items + catalogs.payment_terms,catalogs.{entity}_created/_updated,catalogs.item.crud + catalogs.payment_terms.crud,no,T-140.8 + T-140.9,7.3.4.1 Profile B
REQ-CATAL-036,catalogs,Cursor Rev 2 + 7.3.4.1 Profile C,Posting template version_pin + role_binding create/update covered by Profile C; success/blocked audit pair; WF-064 Owner notification fires,POST + PATCH endpoints per 7.3.4.1 (verb-style for state changes),catalogs.posting_templates + catalogs.account_role_bindings,catalogs.{action}_executed/_blocked,catalogs.posting_template.version_pin + catalogs.account_role_binding.create + catalogs.account_role_binding.update,yes,T-139.3 + T-139.4 + T-140.3 + T-140.5,7.3.4.1 Profile C
REQ-DISP-001,dispatch,WF-024 + WF-039 + Part 4.4.2.2,Load creation atomically inserts loads + load_stops + load_legs + driver_bill in same transaction; pins driver_pay_catalog version,POST /api/dispatch/loads,dispatch.loads + dispatch.load_stops + dispatch.load_legs + accounting (driver bill),dispatch.load_created + dispatch.load_stops_created,dispatch.load.create,no,T-141.1 + T-141.4 + T-141.8 + T-141.9 + T-141.10,8a.0.4
REQ-DISP-002,dispatch,WF-024 + Part 4.4.3.1 + 8a.0.7.1,Driver caller SELECT scoped to self-assigned loads via RLS; other drivers return empty/E_NOT_FOUND,GET /api/dispatch/loads + GET /api/dispatch/loads/{uuid},dispatch.loads,n/a,dispatch.load.read + dispatch.load.list,no,T-141.1 + T-141.2 + T-141.3 + T-143.1,8a.0.7.1
REQ-DISP-003,dispatch,WF-024 + WF-038 + 8a.0.5.6-9,Load creation rejects HOS-violating driver / separated driver / retired unit with specific error codes,POST /api/dispatch/loads,dispatch.loads + master_data.drivers + master_data.units,n/a,dispatch.load.create,no,T-141.5 + T-141.6 + T-141.7,8a.0.5
REQ-DISP-004,dispatch,WF-014 + WF-064 + 8a.0.4 + Table A row 1,Border-routing 'deduct_from_driver' fires WF-064; success/blocked symmetry; cross-module liability creation,POST /api/dispatch/loads/{uuid}/border-routing,dispatch.loads + driver_finance.driver_liabilities,dispatch.border_routing_set_deduct_executed/_blocked,dispatch.load.border_routing.deduct,yes,T-141.13 + T-141.14 + T-141.15 + T-141.16 + T-141.18,8a.0.4 + 8a.0.7 (Table A)
REQ-DISP-005,dispatch,WF-040 + 8a.0.4,Load close requires complete stops + BOL+POD evidence; assembles factoring packet atomically,POST /api/dispatch/loads/{uuid}/close,dispatch.loads + accounting.invoices + documents.evidence_records,dispatch.load_closed + accounting.invoice_created + dispatch.factoring_packet_assembled,dispatch.load.close,no,T-142.1 + T-142.2 + T-142.3 + T-142.4 + T-142.5 + T-142.6,8a.0.4
REQ-DISP-006,dispatch,WF-064 + 8a.0.4 + Table A row 2,Load cancel fires WF-064 with success/blocked symmetry; reverses driver bill via cross-module accounting service,POST /api/dispatch/loads/{uuid}/cancel,dispatch.loads + accounting (reverse bill),dispatch.load_cancelled/_cancellation_blocked,dispatch.load.cancel,yes,T-142.7 + T-142.8 + T-142.9 + T-142.10 + T-142.11,8a.0.4
REQ-DISP-007,dispatch,WF-043 + 8a.0.5.2-3 + Part 4.4.2.3,Stop state transitions enforce single-in-flight invariant; backward transitions require correction source + reason,POST /api/dispatch/load-stops/{uuid}/state-transition,dispatch.load_stops + dispatch.load_stop_events,dispatch.stop_transitioned + dispatch.stop_state_corrected,dispatch.stop.transition,no,T-143.2 + T-143.3 + T-143.4 + T-143.5,8a.0.5.3
REQ-DISP-008,dispatch,WF-024 + WF-043 + 8a.0.5.16,load_stop_events append-only; UPDATE/DELETE blocked by RLS for all roles,n/a (RLS),dispatch.load_stop_events,n/a,n/a (DB),no,T-143.6 + T-143.7,8a.0.5.16
REQ-DISP-009,dispatch,WF-043 + Part 5.2.4 + 8a.0.4,Geofence webhook ingestion validates Samsara signature; ground-truth correlation with PWA events within ±60s,Samsara webhook ingest,dispatch.load_stop_events,dispatch.geofence_event_recorded,n/a (webhook auth),no,T-143.8 + T-143.9 + T-143.11 + T-143.12,Part 5.2.4 + 8a.0.5.17
REQ-DISP-010,dispatch,WF-043 + 7.2.2.7.3 + 8a.0.8.1 + Part 5.5.4.2,Detention threshold + late-arrival alerts; per-customer override; SMS exception applies for >2h late,n/a (alerting),dispatch.load_stops + master_data.customers,dispatch.stop_arrived_late + dispatch.stop_detention_threshold_exceeded,n/a (alerting),no,T-143.10 + T-143.13 + T-143.14,8a.0.8.1
REQ-DISP-011,dispatch,WF-051 + 8a.0.5.19 + 8a.0.7,PWA stop transition by assigned driver only; idempotency via client_request_id,POST /api/pwa/loads/{uuid}/respond + state-transition (PWA),dispatch.load_stops,dispatch.stop_transitioned (pwa source),dispatch.stop.transition.pwa,no,T-143.15 + T-143.16,8a.0.5.19
REQ-DISP-012,dispatch,WF-053 + 8a.0.5.10 + 8a.0.2.3.4,Multi-stop load total_revenue = base + sum(extras); CHECK constraint enforces,POST /api/dispatch/loads + PATCH (extras),dispatch.loads,n/a (DB CHECK),dispatch.load.create,no,T-143.17,8a.0.5.10
REQ-DISP-013,dispatch,WF-013 + 8a.0.4 + Part 4.4.2.10,Driver pay catalog version pinned at load creation; pay calculation uses pinned version not current,POST /api/dispatch/presettlements/compose,dispatch.loads (pinned version_id) + catalogs.driver_pay_catalog,dispatch.presettlement_composed,dispatch.presettlement.compose,no,T-144.1 + T-144.2,Part 4.4.2.10
REQ-DISP-014,dispatch,WF-041 + WF-064 + 8a.0.4,Settlement post is one-way; finalization fires WF-064; success/blocked symmetry; downstream driver_finance + accounting writes via service functions,POST /api/dispatch/settlements/post,dispatch.settlements + driver_finance.driver_settlements_lines + accounting.invoices,dispatch.settlement_posted/_post_blocked,dispatch.settlement.post,yes,T-145.1 + T-145.2 + T-145.3 + T-145.4 + T-145.5 + T-145.6,8a.0.4 + 8a.0.7
REQ-DISP-015,dispatch,WF-041 + WF-064 + 8a.0.4,Presettlement unlock is rare Owner-only WF-064; preserves audit trail,POST /api/dispatch/presettlements/{uuid}/unlock,dispatch.presettlements,dispatch.presettlement_unlocked/_unlock_blocked,dispatch.presettlement.unlock,yes,T-145.7 + T-145.8 + T-145.9,8a.0.4
REQ-DISP-016,dispatch,WF-041 + WF-064 + Part 4.4.2.5-6,Settled state immutability; corrections require Owner reversal flow (Phase 2),n/a (read-only enforcement),dispatch.settlements,dispatch.settlement_modification_blocked,n/a (DB),yes,T-145.10 + T-145.11 + T-145.12,Part 4.4.2.5
REQ-DISP-017,dispatch,WF-042 + 8a.0.4,Per-load profitability rollup uses canonical references only; reads pinned catalog version,GET /api/dispatch/loads/{uuid}/profitability,dispatch.loads + dispatch.settlements + accounting.journal_entry_lines,n/a,dispatch.load.profitability.read,no,T-145.13 + T-145.14,8a.0.4
REQ-DISP-018,dispatch,WF-052 + Part 4.4.2.7,NB/SB cycle counters append-only; rollback is one-way Owner action,n/a (cycle increments),dispatch.nb_sb_cycles,dispatch.cycle_incremented + dispatch.cycle_rollback_executed/_blocked,dispatch.cycle.rollback,yes,T-145.15 + T-145.16 + T-145.17 + T-145.18,Part 4.4.2.7
REQ-DISP-019,dispatch,WF-048 + WF-058 + Part 3.17,In-transit issue capture from PWA + office; chain-of-custody photos to R2,POST /api/dispatch/intransit-issues,dispatch.intransit_issues + documents.evidence_records,dispatch.intransit_issue_created,dispatch.intransit_issue.create,no,T-146.1 + T-146.2 + T-146.3 + T-146.4 + T-146.5,8a.0.4
REQ-DISP-020,dispatch,WF-049 + Part 4.4.2.8,Promote intransit_issue to maintenance work order is one-way; promoted_to_wo_uuid set; reverse promotion forbidden,POST /api/dispatch/intransit-issues/{uuid}/convert-to-wo,dispatch.intransit_issues + maintenance.work_orders,dispatch.intransit_issue_promoted_to_wo,dispatch.intransit_issue.convert_to_wo,no,T-146.6 + T-146.7 + T-146.8 + T-146.9 + T-146.10,8a.0.4 + Part 4.4.2.8
REQ-DISP-021,dispatch,WF-051 + WF-024 + 8a.0.2.7,PWA load acceptance offline-first; queued for sync; controlled-vocabulary rejection reasons,POST /api/pwa/loads/{uuid}/respond,dispatch.load_acceptance_events,dispatch.load_acceptance_recorded,dispatch.load.respond.pwa,no,T-147.1 + T-147.2 + T-147.3 + T-147.4 + T-147.5,8a.0.2.7
REQ-DISP-022,dispatch,WF-024 + 8a.0.7,Driver self-access scope on PWA: own loads + own intransit issues + own equipment only,GET endpoints (PWA),dispatch.* tables (RLS),n/a,dispatch.{action}.pwa,no,T-147.6 + T-147.7 + T-147.8 + T-147.9 + T-147.10 + T-147.11,8a.0.7
REQ-DISP-023,dispatch,WF-064 + 8a.0.7 + Part 6.4.5.4,All 6 dispatch WF-064 actions trigger 2-step confirmation modal with typed phrase + reason; lightning-bolt UI marker,UI rendering,n/a,n/a,n/a (UI),yes,T-141.18 + T-148.1 + T-148.2,Part 6.8 + Part 6.4.5.4
REQ-DISP-024,dispatch,Cursor Part 7 pattern + 8a.0.4 Contract Profile Mapping,Standard CRUD on dispatch entities not given full endpoint specs covered by Contract Profiles A/B/C,GET/POST/PATCH endpoints per Profile mapping,dispatch.* tables,dispatch.{entity}_{action} (sampled),dispatch.{action} per profile,no/yes per profile,T-149.1 + T-149.2 + T-149.3 + T-149.4 + T-149.5 + T-149.6,8a.0.4 Contract Profile Mapping
REQ-DRVFN-001,driver_finance,WF-046 + Part 4.5.4.3,Live recompute endpoint mandatory for transactional contexts; returns total_active_debt + computed_at; cache drift detection with delta,POST /api/driver-finance/drivers/{uuid}/recompute-debt,driver_finance.driver_liabilities + master_data.drivers (cache),driver_finance.live_debt_recompute + audit.cache_drift_detected,driver_finance.debt.recompute,no,T-150.1 + T-150.2 + T-150.3 + T-150.4 + T-150.5 + T-150.6,Part 4.5.4.3 + 8b.1.4
REQ-DRVFN-002,driver_finance,WF-046 + Part 4.5.4.3 + 8b.1.5.12,All transactional endpoints (settlement compose / advance create / escrow forfeit) internally call recompute-debt before decisions,POST endpoints in 8b.1.4,driver_finance.driver_liabilities,driver_finance.live_debt_recompute (cascaded),driver_finance.debt.recompute,no,T-150.7 + T-150.8 + T-150.9,Part 4.5.4.3 + 8b.1.5.12
REQ-DRVFN-003,driver_finance,WF-055 + Part 4.5.4.5 + 8b.1.5.13,UI 5-second freshness contract; computed_at displayed; debt masked + Finalize disabled when stale,UI rendering,n/a,n/a,n/a (UI),no,T-150.10 + T-150.11,Part 4.5.4.5
REQ-DRVFN-004,driver_finance,WF-064 + Part 4.2.2.7 + 8b.1.5.15,Direct UPDATE to debt cache columns blocked by trigger; only via recompute_driver_debt(),n/a (DB trigger),master_data.drivers (cache columns),n/a,n/a (DB),yes,T-150.12,Part 4.2.2.7
REQ-DRVFN-005,driver_finance,WF-024 + Part 4.5.3.1 + 8b.1.7.2.1,Driver self-access scope on liabilities/escrow/deductions/advances/settlement_lines via RLS,GET endpoints (driver caller),driver_finance.* tables,n/a,driver_finance.{action} (self),no,T-151.1 + T-151.3 + T-153.7 + T-154.6 + T-155.1 + T-156.4,8b.1.7.2.1
REQ-DRVFN-006,driver_finance,WF-035 + 8b.1.4 + 8b.1.6,Liability create posts JE + creates deduction schedule + queues PWA push atomically,POST /api/driver-finance/liabilities,driver_finance.driver_liabilities + driver_finance.deduction_schedules + accounting.journal_entry_lines,driver_finance.liability_created + driver_finance.deduction_schedule_created + accounting.journal_entry_posted,driver_finance.liability.create,no,T-151.4 + T-151.5 + T-151.6 + T-151.8,8b.1.4
REQ-DRVFN-007,driver_finance,WF-056 + 8b.1.5.2,Liability bucket_routing computed at insert per forfeiture clause status; immutable thereafter,POST /api/driver-finance/liabilities,driver_finance.driver_liabilities,n/a,driver_finance.liability.create,no,T-151.7,8b.1.5.2
REQ-DRVFN-008,driver_finance,WF-036 + 8b.1.4,Liability acknowledgment via PWA tap or signed PDF; idempotent; updates pending_ack count,POST /api/driver-finance/liabilities/{uuid}/acknowledge,driver_finance.driver_liabilities + documents.evidence_records,driver_finance.liability_acknowledged,driver_finance.liability.acknowledge,no,T-151.9 + T-151.10 + T-151.11 + T-151.12 + T-151.13,8b.1.4
REQ-DRVFN-009,driver_finance,WF-064 + Part 4.5.2.1 + 8b.1.5.3,Liability current_balance monotonic non-increasing; UPDATE increase blocked by trigger; balance correction via WF-064,n/a (DB trigger) + PATCH endpoint,driver_finance.driver_liabilities,driver_finance.liability_balance_corrected/_blocked,driver_finance.liability.balance_correction,yes,T-152.1 + T-152.2 + T-152.3 + T-152.9,Part 4.5.2.1
REQ-DRVFN-010,driver_finance,WF-011 + 8b.1.5.11,Settlement compose blocked when pending_ack > 0; UI red banner + acknowledgment lock,POST /api/driver-finance/settlements/from-dispatch + UI,driver_finance.driver_liabilities + dispatch.settlements,driver_finance.settlement_blocked_by_pending_ack,driver_finance.settlement.compose,no,T-152.4 + T-152.5,8b.1.5.11
REQ-DRVFN-011,driver_finance,WF-037 + WF-064 + Part 4.5.2.8,Liability disposition is one-way to terminal; success/blocked symmetry; cancels deduction schedule,POST /api/driver-finance/liabilities/{uuid}/dispose,driver_finance.driver_liabilities + driver_finance.driver_liability_dispositions,driver_finance.liability_dispositioned/_blocked,driver_finance.liability.dispose,yes,T-152.6 + T-152.7 + T-152.8 + T-152.10,8b.1.4
REQ-DRVFN-012,driver_finance,WF-016 + WF-064 + 8b.1.5.7,Escrow forfeit pre-clause requires Owner + active clause + sufficient pre-clause balance,POST /api/driver-finance/escrow/forfeit,driver_finance.escrow_ledger,driver_finance.escrow_forfeited/_blocked,driver_finance.escrow.forfeit,yes,T-153.1 + T-153.2 + T-153.3 + T-153.4,8b.1.4
REQ-DRVFN-013,driver_finance,WF-016 + WF-064 + 8b.1.7.3 Profile C,Escrow refund post-clause AFTER clause active fires WF-064; routine pre-clause refund does not,POST /api/driver-finance/escrow/refund-after-clause + refund-post-clause,driver_finance.escrow_ledger,driver_finance.escrow_refunded_post_clause/_blocked,driver_finance.escrow.refund_after_clause_active,yes,T-153.5 + T-153.6 + T-153.9,8b.1.7.3 Profile C
REQ-DRVFN-014,driver_finance,WF-016 + Part 4.5.2.2-3 + 8b.1.5.6,Escrow ledger append-only; UPDATE/DELETE blocked by RLS; balance computed via SUM,n/a (DB RLS),driver_finance.escrow_ledger,n/a,n/a (DB),no,T-153.10 + T-153.11,Part 4.5.2.2
REQ-DRVFN-015,driver_finance,WF-017 + WF-064 + 8b.1.4,Deduction schedule override fires WF-064; Manager allowed within ±10% delta; pause variant Owner-only,POST /api/driver-finance/deduction-schedules/{uuid}/override,driver_finance.deduction_schedules + driver_finance.deduction_schedule_overrides,driver_finance.deduction_schedule_overridden/_blocked + _paused/_pause_blocked,driver_finance.deduction_schedule.override + .pause,yes,T-154.1 + T-154.2 + T-154.3 + T-154.4 + T-154.5,8b.1.4
REQ-DRVFN-016,driver_finance,WF-017 + Part 4.5.2.5 + 8b.1.5.8,applied_amount cap on deduction schedules; trigger blocks overapplication; transitions to completed at equality,n/a (DB trigger),driver_finance.deduction_schedules,driver_finance.deduction_schedule_completed,n/a (DB),no,T-154.7 + T-154.8 + T-154.9,8b.1.5.8
REQ-DRVFN-017,driver_finance,WF-015 + 8b.1.4 + 8b.1.6,Standard advance within policy creates AP bill line + optional deduction schedule atomically,POST /api/driver-finance/advances (above_policy=false),driver_finance.driver_advances + accounting.bills + accounting.bill_lines,driver_finance.advance_issued,driver_finance.advance.create,no,T-155.1 + T-155.2 + T-155.3,8b.1.4
REQ-DRVFN-018,driver_finance,WF-054 + WF-064 + 8b.1.5.10,Above-policy advance fires WF-064; requires Owner + ≥30-char reason; explicit above_policy flag,POST /api/driver-finance/advances (above_policy=true),driver_finance.driver_advances,driver_finance.advance_above_policy_issued/_blocked,driver_finance.advance.create.above_policy,yes,T-155.4 + T-155.5 + T-155.6 + T-155.9,8b.1.4
REQ-DRVFN-019,driver_finance,WF-064 + 8b.1.7.3 Profile C,Advance write-off fires WF-064 with success/blocked symmetry,POST /api/driver-finance/advances/{uuid}/write-off,driver_finance.driver_advances,driver_finance.advance_written_off/_blocked,driver_finance.advance.write_off,yes,T-155.7 + T-155.8,8b.1.7.3
REQ-DRVFN-020,driver_finance,WF-041 + 8b.1.4,Internal settlement compose endpoint; service-only; verified end-to-end with dispatch.settlement.post chain,POST /api/driver-finance/settlements/from-dispatch,driver_finance.driver_settlement_lines + driver_finance.deduction_schedules + accounting.journal_entry_lines,driver_finance.settlement_lines_created + driver_finance.deduction_applied,driver_finance.settlement.compose,no,T-156.5 + T-156.6 + T-156.7 + T-159.3,8b.1.4
REQ-DRVFN-021,driver_finance,WF-064 + Part 4.5.2.9 + 8b.1.7.3 Profile C,Settlement lines one-way; Owner reversal flow inserts NEW reversal lines; does not modify originals,POST /api/driver-finance/settlements/{uuid}/owner-adjustment,driver_finance.driver_settlement_lines,driver_finance.settlement_adjusted_post_finalization/_blocked,driver_finance.settlement.adjustment_post_finalization,yes,T-156.1 + T-156.2 + T-156.8 + T-156.9,Part 4.5.2.9
REQ-DRVFN-022,driver_finance,WF-046 + WF-064 + 8b.1.7.3 Profile C,Owner force-recompute for cache drift debugging; emits WF-064 with success/blocked symmetry,POST /api/driver-finance/drivers/{uuid}/force-recompute,master_data.drivers (cache) + driver_finance.driver_liabilities,driver_finance.debt_force_recomputed/_blocked,driver_finance.recompute_driver_debt.force,yes,T-156.3,8b.1.7.3
REQ-DRVFN-023,driver_finance,WF-064 + 8b.1.7.1 Tables A and B,All 10 originated WF-064 actions display lightning-bolt + 2-step modal + success/blocked pairs; 3 inherited from cross-modules tracked explicitly,UI rendering + audit verification,driver_finance.* tables,driver_finance.{action}_executed/_blocked + cross-module audits,n/a (UI/audit),yes,T-157.1 + T-157.2 + T-157.3 + T-157.4 + T-157.5 + T-157.6 + T-159.6,8b.1.7.1
REQ-DRVFN-024,driver_finance,Cursor Part 7 pattern + 8b.1.7.3,Contract Profile Mapping for actions not given full endpoint specs; 24 of 24 permission actions have API mapping artifact,GET/POST/PATCH endpoints per Profile mapping,driver_finance.* tables,driver_finance.{entity}_{action} (sampled where info),driver_finance.{action} per profile,no/yes per profile,T-158.1 + T-158.2 + T-158.3,8b.1.7.3
REQ-DRVFN-025,driver_finance,Part 4.5.4.6 + 8b.1.5.14 + 8b.1.8.3,Cache drift reconciliation job daily; persistent drift escalates to critical Owner notification,n/a (cron),master_data.drivers (cache) + driver_finance.driver_liabilities,audit.cache_drift_detected,n/a (cron),no,T-150.4 + T-150.5 + T-159.1,Part 4.5.4.6
REQ-MAINT-001,maintenance,WF-001 + WF-002 + WF-003 + WF-004 + 9.1.4,Work order creation per type (PM/Repair/Tire/Accident); Accident type atomically creates safety.accident_records via service function,POST /api/maintenance/work-orders,maintenance.work_orders + safety.accident_records,maintenance.work_order_created + safety.accident_record_created,maintenance.work_order.create,no,T-161.1 + T-161.2 + T-161.3 + T-161.4 + T-161.5 + T-161.6,9.1.4 + Part 4.8.2.1
REQ-MAINT-002,maintenance,WF-001..4 + 9.1.5.3 + Part 4.8.2.2,Work order status DAG transitions (open→in_progress→completed→closed); backward forbidden,POST /api/maintenance/work-orders/{uuid}/status-transition,maintenance.work_orders + maintenance.wo_status_history,maintenance.work_order_status_changed,maintenance.work_order.transition,no,T-162.1 + T-162.2 + T-162.3 + T-162.4,9.1.4
REQ-MAINT-003,maintenance,WF-001 + 9.1.5.5 + Part 4.8.2.3,PM completion triggers maintenance.recompute_pm_due() updating master_data.units PM-due fields,trigger on WO close,maintenance.work_orders + master_data.units (PM-due cols),master_data.unit_pm_due_recomputed,n/a (DB),no,T-162.4,Part 4.8.2.3
REQ-MAINT-004,maintenance,WF-064 + 9.1.7.1 Table A row 1,High-cost (>$5000) WO cancellation fires WF-064; Manager+Admin allowed for ≤$5000; Owner only above threshold,POST /api/maintenance/work-orders/{uuid}/status-transition (cancelled),maintenance.work_orders,maintenance.work_order_cancelled_high_cost/_blocked,maintenance.work_order.cancel,yes,T-162.5 + T-162.6,9.1.7.1
REQ-MAINT-005,maintenance,WF-064 + WF-027 + 9.1.7.1 Table A row 2,Severity escalation on accident WO fires WF-064; Owner+Admin only; updates linked safety.accident_records,POST /api/maintenance/work-orders/{uuid}/escalate-severity,maintenance.work_orders + safety.accident_records,maintenance.severity_escalated/_blocked,maintenance.work_order.escalate_severity,yes,T-162.7 + T-162.8 + T-162.9,9.1.7.1
REQ-MAINT-006,maintenance,WF-026 + WF-058 + 9.1.5.9 + Part 3.17,Photo attachment via documents.evidence_create() chain-of-custody; equipment_damage_case_uuid for AI comparison cross-reference,POST /api/maintenance/work-orders/{uuid}/photos,maintenance.work_orders + documents.evidence_records,maintenance.work_order_photos_attached,maintenance.work_order.attach_photo,no,T-163.1 + T-163.2 + T-163.3 + T-163.4,9.1.4 + Part 3.17
REQ-MAINT-007,maintenance,WF-044 + 9.1.4,PM-due read API consumed by Dispatch for maintenance-due alert; warning bands per thresholds,GET /api/maintenance/units/{unit_uuid}/pm-due,master_data.units (PM-due cols),maintenance.pm_due_read (sampled),maintenance.pm_due.read,no,T-160.5 + T-160.6,9.1.4
REQ-MAINT-008,maintenance,WF-005 + WF-049 + 9.1.5.8 + Part 4.8.2.4,In-transit issue triage: acknowledge or promote to WO; promotion atomically updates dispatch.intransit_issues + creates maintenance.work_orders,POST /api/maintenance/intransit-queue/{uuid}/promote OR /acknowledge,maintenance.work_orders + dispatch.intransit_issues,maintenance.intransit_issue_promoted_to_wo + maintenance.intransit_issue_acknowledged,maintenance.intransit_issue.promote_to_wo + .acknowledge,no,T-165.1 + T-165.2 + T-165.3 + T-165.4 + T-165.5,9.1.5.8
REQ-MAINT-009,maintenance,WF-064 + 9.1.7.1 Table B row 2,Inherited WF-064: master_data.unit.retire blocked by maintenance.has_open_wo() check,POST /api/units/{uuid}/retire (cross-module),maintenance.work_orders (read for check),master_data.unit_retired/_blocked (cross-module),master_data.unit.retire,yes (inherited),T-165.6 (also tested in Part 7 T-132.6/7),9.1.7.1
REQ-MAINT-010,maintenance,9.1.7.3 Profile Mapping,Contract Profile Mapping for 16 of 16 permission actions; 4 FULL endpoints + 12 Profile A/B/C,GET/POST/PATCH endpoints per profile,maintenance.* tables,maintenance.{action} (sampled where info),maintenance.{action} per profile,no/yes per profile,T-160.1..4 + T-161.7..10 + T-164.1 + T-164.2,9.1.7.3
REQ-SAFETY-001,safety,WF-006 + 9.2.4 + 9.2.5.2,Roadside DOT inspection records; OOS outcome auto-blocks unit dispatch via service function,POST /api/safety/roadside-inspections,safety.roadside_inspections + master_data.units (is_dispatch_blocked),safety.roadside_inspection_recorded + safety.unit_dispatch_blocked_by_oos,safety.roadside_inspection.create,no,T-166.1 + T-166.2 + T-166.3 + T-166.4 + T-166.5,9.2.4
REQ-SAFETY-002,safety,WF-007 + WF-027 + 9.2.4,Multi-policy claim creation per accident; each claim independent; bound to one carrier vendor,POST /api/safety/accidents/{uuid}/claims,safety.insurance_claims + safety.accident_records,safety.claim_created,safety.claim.create,no,T-167.4 + T-167.10,9.2.4
REQ-SAFETY-003,safety,WF-064 + WF-007 + 9.2.7.1 Table A row 1,Claim terminal transition (denied/closed_with_settlement/closed_without_payment) fires WF-064; Owner only,POST /api/safety/claims/{uuid}/status-transition (terminal targets),safety.insurance_claims + safety.claim_status_history,safety.claim_terminal_transitioned/_blocked,safety.claim.transition.terminal,yes,T-167.5 + T-167.6 + T-167.7,9.2.7.1
REQ-SAFETY-004,safety,WF-064 + WF-027 + 9.2.7.1 Table A row 2,Claim carrier rebind fires WF-064 with success/blocked symmetry,POST /api/safety/claims/{uuid}/rebind-carrier,safety.insurance_claims,safety.claim_carrier_rebound/_blocked,safety.claim.rebind_carrier,yes,T-167.8,9.2.7.1
REQ-SAFETY-005,safety,WF-004 + WF-007 + 9.2.5.3 + Part 4.8.6.1,Accident records ONLY created via safety.create_accident_from_wo() service function from accident WO; direct INSERT blocked,n/a (service function),safety.accident_records,n/a (DB),n/a (DB),no,T-167.9,Part 4.8.6.1
REQ-SAFETY-006,safety,WF-050 + 9.2.4 + 9.2.5.6,DVIR PWA submission with major defect blocks unit dispatch via service function; idempotent via client_request_id,POST /api/pwa/safety/dvir,safety.dvir_records + safety.dvir_defects + master_data.units (is_dispatch_blocked),safety.dvir_submitted + safety.unit_dispatch_blocked_by_dvir,safety.dvir.create.pwa,no,T-168.2 + T-168.3 + T-168.4 + T-168.5 + T-168.6 + T-168.7 + T-168.8,9.2.4 + 9.2.5.6
REQ-SAFETY-007,safety,WF-050 + 9.2.5.7,Major defect followup WO closure auto-clears unit dispatch block via safety.clear_unit_dispatch_block(); multiple block sources tracked separately,trigger on WO close,master_data.units (is_dispatch_blocked) + safety.dvir_records,safety.unit_dispatch_block_cleared,n/a (DB),no,T-169.1 + T-169.2 + T-169.3 + T-169.4,9.2.5.7
REQ-SAFETY-008,safety,WF-064 + 9.2.7.1 Table A row 3,Unit dispatch block override fires WF-064; Owner only; high-risk override of operational safety check,POST /api/safety/units/{uuid}/dispatch-block-override,master_data.units (is_dispatch_blocked) + safety.* tables,safety.unit_dispatch_block_overridden/_blocked,safety.unit_dispatch_block.override,yes,T-169.5 + T-169.6,9.2.7.1
REQ-SAFETY-009,safety,WF-027 + WF-064 + 9.2.7.1 Table B row 1,Inherited WF-064: maintenance.severity_escalated triggers safety.update_accident_severity() to keep accident_records.severity in sync,cross-module service call,safety.accident_records,maintenance.severity_escalated (originating),maintenance.work_order.escalate_severity (originating),yes (inherited),T-170.1 + T-170.2 + T-171.1,9.2.7.1
REQ-SAFETY-010,safety,WF-050 + 9.2.5.9 + Part 4.8.6.4,DVIR + roadside append-only; UPDATE/DELETE blocked by RLS for all roles; corrections via new record with corrects_*_uuid linkage,n/a (DB RLS),safety.dvir_records + safety.dvir_defects + safety.roadside_inspections,n/a,n/a (DB),no,T-166.5 + T-168.7,Part 4.8.6.4 + 4.8.6.6
REQ-SAFETY-011,safety,9.2.7.3 Profile Mapping,Contract Profile Mapping for 12 of 12 permission actions; 4 FULL endpoints + 8 Profile A/B/C,GET/POST endpoints per profile,safety.* tables,safety.{action} (sampled where info),safety.{action} per profile,no/yes per profile,T-167.1..3 + T-168.1 + T-172.1 + T-172.2 + T-172.3,9.2.7.3
REQ-FUEL-001,fuel,WF-022 + 9.3.4 + 9.3.5.1,Manual fuel transaction entry with reason ≥10 chars; Owner+Admin+Manager+Accountant role required,POST /api/fuel/transactions,fuel.fuel_transactions,fuel.transaction_recorded,fuel.transaction.manual_create,no,T-173.3 + T-173.4 + T-173.5 + T-173.6,9.3.4
REQ-FUEL-002,fuel,WF-022 + 9.3.5.2 + Part 4.8.7.2,Relay webhook ingest idempotent via relay_external_uuid UNIQUE constraint; duplicate webhooks return original transaction,Relay webhook endpoint,fuel.fuel_transactions,fuel.transaction_recorded (sampled),n/a (webhook),no,T-174.1 + T-174.2 + T-174.3,9.3.5.2
REQ-FUEL-003,fuel,WF-022 + 9.3.5.5 + Part 4.8.7.6,Fuel-card overage detection auto-creates driver_finance.driver_liabilities via service function; cross-module audit chain,trigger on transaction insert,fuel.fuel_transactions + driver_finance.driver_liabilities,fuel.transaction_overage_detected + driver_finance.liability_created,n/a (service function),no,T-178.1 + T-178.2 + T-178.3,9.3.5.5
REQ-FUEL-004,fuel,WF-019 + WF-064 + 9.3.7.1 Table A row 1,IFTA quarterly filing finalization fires WF-064 with success/blocked symmetry; Owner only; one-way per Part 4.8.7.4,POST /api/fuel/ifta/{quarter}/file,fuel.ifta_quarterly_filings,fuel.ifta_quarterly_filed/_blocked,fuel.ifta.file,yes,T-176.1 + T-176.2 + T-176.5,9.3.4 + 9.3.7.1
REQ-FUEL-005,fuel,WF-019 + WF-064 + 9.3.7.1 Table A row 2,IFTA filing reopen fires WF-064; Owner only; reason ≥20 chars; rare correction flow,POST /api/fuel/ifta/{quarter}/reopen,fuel.ifta_quarterly_filings,fuel.ifta_filing_reopened/_blocked,fuel.ifta.reopen,yes,T-176.3 + T-176.4,9.3.7.1
REQ-FUEL-006,fuel,WF-019 + 9.3.5.6 + Part 4.8.7.3,Per-state IFTA aggregations recomputed async via outbox on transaction insert/update/delete; aggregates append-only,trigger on transaction change,fuel.ifta_state_quarterly,fuel.ifta_quarterly_recomputed (sampled),n/a (DB),no,T-176.6 + T-176.7,Part 4.8.7.3
REQ-FUEL-007,fuel,WF-020 + WF-064 + 9.3.7.1 Table A row 3,Form 425C monthly run fires WF-064; Accountant or Owner; Owner-only re-run for completed months,POST /api/fuel/form-425c/{month}/run,fuel.form_425c_runs,fuel.form_425c_run_completed/_blocked,fuel.form_425c.run,yes,T-177.1 + T-177.2 + T-177.4,9.3.7.1
REQ-FUEL-008,fuel,WF-064 + 9.3.7.1 Table A row 4,Fuel transaction deletion fires WF-064; Owner only; affects historical IFTA + 425C aggregations,DELETE /api/fuel/transactions/{uuid},fuel.fuel_transactions,fuel.transaction_deleted/_blocked,fuel.transaction.delete,yes,T-175.3 + T-175.5 + T-175.6 + T-175.7,9.3.7.1
REQ-FUEL-009,fuel,9.3.7.3 Profile Mapping,Contract Profile Mapping for 10 of 10 permission actions; 2 FULL endpoints + 8 Profile A/B/C,GET/POST/PATCH/DELETE endpoints per profile,fuel.* tables,fuel.{action} (sampled where info),fuel.{action} per profile,no/yes per profile,T-173.1 + T-173.2 + T-174.1 + T-175.1 + T-175.2 + T-175.4 + T-179.1 + T-179.2 + T-179.3,9.3.7.3
REQ-ACCT-001,accounting,WF-040 + 10a.1.5.1 + MUST 4.6.2.1,Balanced double-entry on every JE; sum(debit) = sum(credit) trigger-enforced at INSERT/UPDATE/DELETE,n/a (DB trigger),accounting.journal_entries + accounting.journal_entry_lines,accounting.journal_entry_posted (sampled),n/a (DB),no,T-181.2,MUST 4.6.2.1
REQ-ACCT-002,accounting,WF-040 + 10a.1.5.2 + MUST 4.6.2.2,Minimum 2 lines per JE trigger-enforced; INSERT without ≥2 lines aborts,n/a (DB trigger),accounting.journal_entry_lines,accounting.journal_entry_posted,n/a (DB),no,T-181.3,MUST 4.6.2.2
REQ-ACCT-003,accounting,WF-053 + 10a.1.5.5 + MUST 4.6.2.6,Direct INSERT to journal_entries blocked; only via accounting.post() and accounting.create_manual_je() service functions,n/a (DB RLS) + service functions,accounting.journal_entries + accounting.journal_entry_lines,n/a,n/a (DB),no,T-181.7,MUST 4.6.2.6
REQ-ACCT-004,accounting,WF-053 + 10a.1.5.3 + MUST 4.6.2.3,Account lifecycle gate; JE lines reference only active or frozen accounts; draft/archived blocked,POST endpoints + DB trigger,accounting.journal_entry_lines + catalogs.accounts,n/a,n/a,no,T-181.8 + T-181.9,MUST 4.6.2.3 + Part 3.18.5.5
REQ-ACCT-005,accounting,WF-040 + 10a.1.5.4 + MUST 4.6.2.5,Posted JE immutability; UPDATE/DELETE on journal_entry_lines blocked by RLS for ALL roles when parent posted,n/a (DB RLS),accounting.journal_entry_lines,n/a,n/a (DB),no,T-181.6,MUST 4.6.2.5
REQ-ACCT-006,accounting,WF-018 + WF-064 + 10a.1.4 + 10a.1.7.1 Table A row 1,Manual JE creation fires WF-064 with success/blocked symmetry; Owner+Admin+Accountant only; reason ≥30 chars,POST /api/accounting/journal-entries/manual,accounting.journal_entries + accounting.journal_entry_lines,accounting.manual_je_posted/_blocked,accounting.journal_entry.create_manual,yes,T-181.1 + T-181.2 + T-181.3 + T-181.10,10a.1.4
REQ-ACCT-007,accounting,WF-039 + WF-064 + 10a.1.4 + 10a.1.7.1 Table A row 2,JE void by Owner creates reversing JE atomically per MUST 4.6.2.4; emits journal_entry_voided + reversing_je_created,POST /api/accounting/journal-entries/{uuid}/void,accounting.journal_entries (both original + reversing),accounting.journal_entry_voided/_blocked + accounting.reversing_je_created,accounting.journal_entry.void,yes,T-181.4 + T-181.5,10a.1.4 + MUST 4.6.2.4
REQ-ACCT-008,accounting,WF-009 + WF-064 + 10a.1.7.1 Table A row 3,Bill void after payment fires WF-064; Owner only when paid_amount > 0; clean void allowed for Owner+Admin+Accountant,POST /api/accounting/bills/{uuid}/void,accounting.bills + accounting.journal_entries (reversing),accounting.bill_voided_after_payment/_blocked + accounting.bill_voided (clean),accounting.bill.void.after_payment + accounting.bill.void,yes (after_payment) / no (clean),T-182.1 + T-182.2 + T-182.5 + T-182.7 + T-182.8,10a.1.4
REQ-ACCT-009,accounting,WF-009 + WF-064 + 10a.1.7.1 Table A row 4,Expense void after payment fires WF-064 with success/blocked symmetry,POST /api/accounting/expenses/{uuid}/void,accounting.expenses,accounting.expense_voided_after_payment/_blocked + accounting.expense_voided,accounting.expense.void.after_payment,yes,T-182.3 + T-182.4 + T-182.6,10a.1.7.1
REQ-ACCT-010,accounting,WF-010 + WF-064 + 10a.1.4 + 10a.1.7.1 Table A row 5,Invoice void after payment OR factoring-assigned fires WF-064; Owner only; acknowledge flags required,POST /api/accounting/invoices/{uuid}/void,accounting.invoices + accounting.journal_entries (reversing),accounting.invoice_voided_after_payment_or_factoring/_blocked + accounting.invoice_voided (clean),accounting.invoice.void.after_payment_or_factoring,yes,T-183.1 + T-183.2 + T-183.3 + T-183.4 + T-183.5,10a.1.4
REQ-ACCT-011,accounting,WF-023 + WF-064 + 10a.1.7.1 Table A row 6,Bill payment reverse unwinds open_balance via reversing JE; Owner only; emits bill_payment_reversed warning + WF-064,POST /api/accounting/bill-payments/{uuid}/reverse,accounting.bill_payments + accounting.bills + accounting.journal_entries (reversing),accounting.bill_payment_reversed/_blocked,accounting.bill_payment.reverse,yes,T-184.1 + T-184.2,10a.1.7.1
REQ-ACCT-012,accounting,WF-021 + WF-064 + 10a.1.7.1 Table A row 7,Customer payment reverse unwinds invoice open_balance via reversing JE; Owner only,POST /api/accounting/customer-payments/{uuid}/reverse,accounting.customer_payments + accounting.invoices + accounting.journal_entries (reversing),accounting.customer_payment_reversed/_blocked,accounting.customer_payment.reverse,yes,T-185.1 + T-185.2,10a.1.7.1
REQ-ACCT-013,accounting,WF-021 + WF-064 + 10a.1.7.1 Table A row 8,Factoring assignment reverse touches Apex relationship; Owner only; out-of-band Apex notification noted in audit,POST /api/accounting/factoring-assignments/{uuid}/reverse,accounting.invoices (factoring metadata) + accounting.journal_entries (reversing),accounting.factoring_assignment_reversed/_blocked,accounting.factoring_assignment.reverse,yes,T-185.3 + T-185.4,10a.1.7.1
REQ-ACCT-014,accounting,WF-008 + WF-064 + 10a.1.4 + 10a.1.7.1 Table A row 9,Period close fires WF-064; Owner only; pre-close checks for draft JEs + unresolved findings + pending QBO sync,POST /api/accounting/periods/{period_label}/close,accounting.* (period state on period_label dimension),accounting.period_closed/_blocked,accounting.period.close,yes,T-186.1 + T-186.2 + T-186.3 + T-186.7,10a.1.4
REQ-ACCT-015,accounting,WF-008 + WF-064 + 10a.1.4 + 10a.1.7.1 Table A row 10,Period reopen is critical-severity WF-064; Owner only; SMS to Owner+Admin per Part 5.5.4.2 exception,POST /api/accounting/periods/{period_label}/reopen,accounting.* (period state),accounting.period_reopened/_blocked,accounting.period.reopen,yes,T-186.4 + T-186.5,10a.1.4 + 10a.1.8.1
REQ-ACCT-016,accounting,WF-038 + 10a.1.4,Reconciliation finding resolution via corrected_via_je / accepted_as_drift / false_positive; resolution does not modify source rows,POST /api/accounting/reconciliation-findings/{uuid}/resolve,accounting.reconciliation_findings,accounting.reconciliation_finding_resolved + accounting.reconciliation_finding_detected,accounting.reconciliation_finding.resolve,no,T-187.1 + T-187.2 + T-187.3 + T-187.4 + T-187.5,10a.1.4 + 10a.1.5.16
REQ-ACCT-017,accounting,WF-022 + WF-064 + 10a.1.7.1 row 11,QBO force resync is Owner-only WF-064; queue-aware to prevent concurrent runs,POST /api/accounting/qbo-resync/force,outbox.queue + accounting.* (sync metadata),accounting.qbo_force_resynced/_blocked + accounting.qbo_sync_failed (escalation),accounting.qbo_resync.force,yes,T-188.1 + T-188.2 + T-188.3 + T-188.4 + T-188.5,10a.1.7.1
REQ-ACCT-018,accounting,WF-022 + 10a.1.5.14 + Part 3.12.4.8,Outbox QBO mirror auto-queues every JE/bill/invoice/payment; QBO failure does not block local writes; retry-with-escalation pattern,n/a (background processor),outbox.queue,outbox.queued events + accounting.qbo_sync_failed (after retries),n/a,no,T-188.4 + T-188.5,Part 3.12.4.8
REQ-ACCT-019,accounting,10a.1.5.7 + MUST 4.6.2.7,Bill + invoice open_balance auto-maintained via trigger from payment_lines aggregates; direct UPDATE blocked,n/a (DB trigger),accounting.bills + accounting.invoices,n/a,n/a (DB),no,T-184.3 + T-184.5,MUST 4.6.2.7
REQ-ACCT-020,accounting,WF-024 + MUST 4.6.3.1 + 10a.1.7.2.1,Drivers MUST NOT SELECT from any accounting table; financial visibility via driver_finance + views.driver_debt_summary only,API endpoints (driver caller),accounting.* tables,n/a (RLS denies),n/a (RBAC),no,T-180.10,MUST 4.6.3.1
REQ-ACCT-021,accounting,WF-024 + MUST 4.6.3.2,Office role RLS scope: Owner/Admin/Manager/Accountant SELECT all; Dispatcher SELECTs load-linked; Safety SELECTs incident-linked,API endpoints (RLS-scoped),accounting.* tables,n/a,accounting.{action} per role,no,T-180.1 + T-180.4 + T-180.6 + T-180.8,MUST 4.6.3.2
REQ-ACCT-022,accounting,10a.1.7.3 Profile Mapping,Contract Profile Mapping for 30 of 30 permission actions; 7 FULL + 9 Profile A + 7 Profile B + 5 Profile C + 2 service-only,GET/POST endpoints per profile,accounting.* tables,accounting.{action} (sampled where info),accounting.{action} per profile,no/yes per profile,T-189.5 + T-189.6 + T-189.7,10a.1.7.3
REQ-ACCT-023,accounting,WF-064 + 10a.1.7.1,All 11 originated WF-064 actions display lightning-bolt + 2-step modal + success/blocked symmetric pairs; 0 inherited (cleanest count clarity in spec),UI rendering + audit verification,accounting.* tables,accounting.{action}_executed/_blocked pairs,n/a (UI/audit),yes,T-189.1 + T-189.2 + T-189.3 + T-189.4,10a.1.7.1
REQ-BANK-001,banking,WF-033 + 10b.1.5.1 + MUST 4.7.2.1,Bank account links to catalogs.accounts of valid type (bank/credit_card/other_current_asset); FK + check enforced,POST /api/banking/bank-accounts (create) + DB FK,banking.bank_accounts + catalogs.accounts,banking.bank_account_created,banking.bank_account.create,no,T-190.5,MUST 4.7.2.1
REQ-BANK-002,banking,WF-012 + 10b.1.5.2 + MUST 4.7.2.2,Bank transaction categorization sets exactly one linked_*_uuid column; trigger-enforced,POST /api/banking/bank-transactions/{uuid}/categorize + DB trigger,banking.bank_transactions,banking.bank_transaction_categorized,banking.bank_transaction.categorize,no,T-192.10,MUST 4.7.2.2
REQ-BANK-003,banking,WF-032 + 10b.1.5.3 + MUST 4.7.2.3,Account number + routing number encrypted at app layer before INSERT; DB never sees plaintext; encryption key in env,POST /api/banking/bank-accounts (create with encryption),banking.bank_accounts (encrypted columns),banking.bank_account_pii_decrypted (on read),banking.bank_account.read.decrypt_pii,no,T-190.6 + T-190.4,MUST 4.7.2.3
REQ-BANK-004,banking,WF-024 + MUST 4.7.3.1 + 10b.1.7.2.1,Drivers + Dispatcher + Safety + Mechanic MUST NOT SELECT from banking tables; Manager SELECT only; Owner+Admin+Accountant full,API endpoints (RLS-scoped),banking.* tables,n/a (RLS denies),banking.{action} per role,no,T-190.1 + T-190.8,MUST 4.7.3.1
REQ-BANK-005,banking,WF-032 + MUST 4.7.3.2 + 10b.1.5.12,Encrypted PII columns SELECT restricted to Owner+Admin only; other roles get NULL; decrypt-pii endpoint emits audit event per access,GET /api/banking/bank-accounts/{uuid}/decrypt-pii,banking.bank_accounts (encrypted columns),banking.bank_account_pii_decrypted (warning audit),banking.bank_account.read.decrypt_pii,no,T-190.3 + T-190.4,MUST 4.7.3.2
REQ-BANK-006,banking,WF-033 + WF-064 + 10b.1.4 + 10b.1.7.1 Table A row 1,Bank account deactivate fires WF-064; Owner only; non-zero balance blocks deactivation; success/blocked symmetry,POST /api/banking/bank-accounts/{uuid}/deactivate,banking.bank_accounts,banking.bank_account_deactivated/_blocked,banking.bank_account.deactivate,yes,T-191.1 + T-191.2 + T-191.3 + T-191.4 + T-191.5,10b.1.4
REQ-BANK-007,banking,WF-012 + 10b.1.4 + 10b.1.5.4,Routine bank transaction categorization for open-period targets; closed-period targets blocked; routes to recategorize-closed-period (WF-064),POST /api/banking/bank-transactions/{uuid}/categorize,banking.bank_transactions,banking.bank_transaction_categorized,banking.bank_transaction.categorize,no,T-192.7 + T-192.8 + T-192.9,10b.1.4
REQ-BANK-008,banking,WF-013 + WF-064 + 10b.1.4 + 10b.1.7.1 Table A row 2,Bank transaction recategorize-closed-period fires WF-064; Owner only; touches closed-period audit chain,POST /api/banking/bank-transactions/{uuid}/recategorize-closed-period,banking.bank_transactions,banking.bank_transaction_recategorized_closed_period/_blocked,banking.bank_transaction.recategorize_after_period_close,yes,T-192.5 + T-192.6 + T-192.12,10b.1.4
REQ-BANK-009,banking,WF-052 + WF-064 + 10b.1.4 + 10b.1.7.1 Table A row 3,Bank transaction delete fires WF-064; Owner only; soft-delete preserves audit; closed-period reconciliation lock blocks deletion,DELETE /api/banking/bank-transactions/{uuid},banking.bank_transactions (deleted_at),banking.bank_transaction_deleted/_blocked,banking.bank_transaction.delete,yes,T-193.1 + T-193.2 + T-193.3 + T-193.4,10b.1.4
REQ-BANK-010,banking,WF-031 + WF-064 + 10b.1.4 + 10b.1.7.1 Table A row 4,Factoring transaction reverse fires WF-064; Owner only; coordinated with accounting.factoring_assignment.reverse but separate Owner action; Apex notified out-of-band,POST /api/banking/factoring-transactions/{uuid}/reverse,banking.factoring_transactions + accounting.invoices (factoring),banking.factoring_transaction_reversed/_blocked,banking.factoring_transaction.reverse,yes,T-194.1 + T-194.2 + T-194.9,10b.1.4
REQ-BANK-011,banking,WF-031 + 10b.1.5.9 + Part 4.7.2,Factoring transaction append-only; UPDATE blocked by RLS; reversals are NEW rows referencing original via reverses_factoring_transaction_uuid,n/a (DB RLS),banking.factoring_transactions,banking.factoring_transaction_created,n/a (DB),no,T-194.8,Part 4.7.2
REQ-BANK-012,banking,WF-013 + 10b.1.2.4 + 10b.1.4,Reconciliation runs match bank_transactions to accounting payments/JEs; daily job emits findings filtered to banking-relevant rows,POST /api/banking/reconciliation-runs,banking.* + accounting.reconciliation_findings,banking.reconciliation_run_started + .completed (drift-severity routed),banking.reconciliation_run.start,no,T-194.5 + T-194.6 + T-194.7,10b.1.4
REQ-BANK-013,banking,10b.1.5.10 + 10a.1.5.5,Banking-originated postings (bank fees/interest) call accounting.post() service function; Banking does not directly write to accounting.journal_entries,banking service functions → accounting.post(),banking.* + accounting.journal_entries (via service),accounting.journal_entry_posted (sampled),n/a (service-call pattern),no,(covered by Part 10a tests),10b.1.5.10
REQ-BANK-014,banking,10b.1.7.3 Profile Mapping,Contract Profile Mapping for 20 of 20 permission actions; 5 FULL + 7 Profile A + 6 Profile B + 1 Profile C + 1 service-only,GET/POST/PATCH/DELETE endpoints per profile,banking.* tables,banking.{action} per profile,banking.{action} per profile,no/yes per profile,T-194.13 + T-194.14 + T-194.15,10b.1.7.3
REQ-BANK-015,banking,WF-064 + 10b.1.7.1 + 10b.1.9.2,All 4 originated Banking WF-064 actions display lightning-bolt + 2-step modal + success/blocked symmetric audit pairs; 0 inherited (clean count clarity continuing Part 10a precedent),UI rendering + audit verification,banking.* tables,banking.{action}_executed/_blocked pairs,n/a (UI/audit),yes,T-194.10 + T-194.11 + T-194.12,10b.1.7.1
REQ-DOC-001,documents,WF-025 + 11.1.5.1 + MUST 3.17.2.1,Direct INSERT to documents.evidence_records blocked by RLS for ALL roles; only documents.create_evidence() service function can write,n/a (DB RLS),documents.evidence_records,documents.evidence_created (info sampled),documents.evidence.create (service-only),no,T-195.7,11.1.5.1
REQ-DOC-002,documents,WF-025 + WF-030 + 11.1.5.2 + MUST 3.17.2.3,payload_sha256_hash computed server-side from payload bytes BEFORE storage; client-supplied hash ignored; tamper detection on retrieval,documents.create_evidence() + GET /api/documents/evidence/{uuid},documents.evidence_records,documents.evidence_tampered_detected (critical + WF-064 on mismatch),n/a (server-side),yes (on tamper),T-195.8 + T-198.1 + T-198.2 + T-198.3,11.1.5.2 + 11.1.5.4
REQ-DOC-003,documents,WF-025 + 11.1.5.3 + MUST 3.17.2.2,server_received_at is canonical event time for legal/audit; captured_at (device claimed) NEVER used for legal purposes,documents.create_evidence() + retrieval,documents.evidence_records,n/a (server-attribute),n/a (DB attribute),no,T-195.9,11.1.5.3
REQ-DOC-004,documents,WF-025 + 11.1.5.5 + MUST 3.17.7.3,Retrieval requires X-Retrieval-Purpose header (audit/legal/routine_view/dispute/support); writes row to documents.evidence_access_log,GET /api/documents/evidence/{uuid},documents.evidence_records + documents.evidence_access_log,documents.evidence_retrieved (info sampled at 10%),documents.evidence.read,no,T-195.3 + T-195.4 + T-195.5 + T-195.6,11.1.5.5
REQ-DOC-005,documents,WF-028 + WF-064 + 11.1.4 + 11.1.7.1 Table A row 1,Legal hold set fires WF-064 critical; Owner+Admin only; reason ≥30 chars; affects retention + purge cron,POST /api/documents/evidence/{uuid}/legal-hold,documents.evidence_records (legal_hold flag),documents.legal_hold_set/_blocked,documents.legal_hold.set,yes,T-196.1 + T-196.2 + T-196.5,11.1.4
REQ-DOC-006,documents,WF-028 + WF-064 + 11.1.4 + 11.1.7.1 Table A row 2,Legal hold release fires WF-064 critical; Owner+Admin only; reason ≥30 chars; restores normal retention rules,DELETE /api/documents/evidence/{uuid}/legal-hold,documents.evidence_records (legal_hold flag),documents.legal_hold_released/_blocked,documents.legal_hold.release,yes,T-196.3 + T-196.4 + T-196.6,11.1.4
REQ-DOC-007,documents,WF-029 + WF-064 + 11.1.4 + 11.1.7.1 Table A row 3,Force-purge fires WF-064; Owner only; legal hold blocks purge; logs to evidence_purge_log; queues R2 delete outbox,POST /api/documents/evidence/{uuid}/force-purge,documents.evidence_records + documents.evidence_purge_log + outbox.queue,documents.evidence_purged (force)/_blocked,documents.evidence.force_purge,yes,T-197.1 + T-197.2 + T-197.3 + T-197.4 + T-197.5 + T-197.6,11.1.4
REQ-DOC-008,documents,WF-030 + WF-064 + 11.1.4 + 11.1.7.1 Table A row 4,Tamper detection auto-fires on sha256 mismatch during retrieval; only WF-064 originated event without symmetric blocked variant (auto-detection not user action); SMS-allowed per 5.5.4.2,GET /api/documents/evidence/{uuid} (auto-trigger),documents.evidence_records,documents.evidence_tampered_detected (critical + WF-064 + SMS),n/a (auto),yes (no symmetric blocked),T-198.1 + T-198.2 + T-198.3,11.1.7.1 note + 11.1.9.2
REQ-DOC-009,documents,WF-024 + 11.1.7.2 + MUST 3.18.12,Driver SELECT scope on evidence: own driver_uuid only via RLS; cannot SELECT access_log/purge_log; purpose limited to routine_view,API endpoints (RLS-scoped),documents.evidence_records,n/a (RLS denies),documents.evidence.list/read (driver scope),no,T-195.1 + T-195.6 + T-200.3,11.1.7.2.1
REQ-DOC-010,documents,11.1.7.3 Profile Mapping,Contract Profile Mapping for 10 of 10 permission actions; 4 FULL + 3 Profile A + 2 Profile B + 0 Profile C + 1 service-only,GET/POST/DELETE endpoints per profile,documents.* tables,documents.{action} per profile,documents.{action} per profile,no/yes per profile,T-201.3 + T-201.4,11.1.7.3
REQ-NOTIF-001,notifications,WF-042 + WF-043 + MUST 4.9.3.3,Dispatcher worker fires on PG NOTIFY from audit_events when fires_wf_064=true; routes to all configured recipients; downstream of source audits not WF-064 inheritance,internal worker,notifications.notification_log,notifications.notification_dispatched (info sampled),notifications.dispatch_event (service-only),no (downstream of source WF-064),T-207.1 + T-207.2,MUST 4.9.3.3 + 11.2.7.1 Table B
REQ-NOTIF-002,notifications,WF-064 + WF-064.3 + WF-047 + 11.2.4 + 11.2.7.1 Table A row 1,Suppression rule create fires WF-064; Owner only; max 7-day window per Part 4.9.2 CHECK constraint; reason ≥30 chars; the WF-064.3 integrity defense,POST /api/notifications/suppression-rules,notifications.suppression_rules,notifications.suppression_rule_created/_blocked,notifications.suppression_rule.create,yes,T-204.1 + T-204.2 + T-204.6 + T-204.7 + T-204.8 + T-207.4,11.2.4
REQ-NOTIF-003,notifications,WF-064 + WF-047 + 11.2.7.1 Table A row 2,Suppression rule cancel (early termination) fires WF-064; Owner only; restores notifications,DELETE /api/notifications/suppression-rules/{uuid},notifications.suppression_rules,notifications.suppression_rule_cancelled/_blocked,notifications.suppression_rule.cancel,yes,T-204.3 + T-204.4,11.2.7.1
REQ-NOTIF-004,notifications,WF-064 + WF-045 + 11.2.4 + 11.2.7.1 Table A row 3,Bulk preference update fires WF-064; Owner only; affects org-wide notification routing; filter required to prevent accidental org-wide updates,POST /api/notifications/preferences/bulk-update,notifications.preferences,notifications.preference_bulk_updated/_blocked,notifications.preference.bulk_update,yes,T-205.1 + T-205.2 + T-205.3,11.2.4
REQ-NOTIF-005,notifications,WF-045 + WF-064 + 11.2.5.5,Critical+WF-064 events bypass user preferences for Owner+Admin; cannot be disabled via preferences UI; only suppression rules with audit trail can suppress,PATCH /api/notifications/preferences,notifications.preferences,notifications.preference_set (info sampled),notifications.preferences.update,no,T-202.2 + T-202.3 + T-207.2,11.2.5.5
REQ-NOTIF-006,notifications,WF-048 + 11.2.5.8,Provider failover canonical: email Resend→SES; SMS Twilio (no fallback v1); PWA push Expo (no fallback v1); first-success wins; permanent errors skip fallback,internal worker,notifications.notification_log (delivery_provider field),notifications.delivery_provider_failed (info to critical per consecutive count),n/a (worker),no,T-208.1 + T-208.2 + T-208.3,11.2.5.8
REQ-NOTIF-007,notifications,WF-051 + 11.2.5.7,Bounce handling: 3+ consecutive bounces in 24h auto-disables that channel for that user; manual re-enable required by Owner+Admin,internal worker + manual reenable endpoint,notifications.preferences (enabled flag) + notifications.notification_log,notifications.channel_auto_disabled (warning) + notifications.channel_reenabled (info),notifications.delivery_failure.reenable_channel,no,T-206.1 + T-206.2 + T-206.3,11.2.5.7
REQ-NOTIF-008,notifications,WF-042 + 11.2.5.6,Notification log append-only: dispatch fields UPDATE only via service function; DELETE blocked entirely; direct INSERT via API blocked,n/a (DB RLS),notifications.notification_log,n/a (DB constraint),notifications.dispatch_event (service-only),no,T-209.1 + T-209.2 + T-209.3,11.2.5.6
REQ-NOTIF-009,notifications,11.2.7.3 Profile Mapping,Contract Profile Mapping for 12 of 12 permission actions; 2 FULL + 6 Profile A + 2 Profile B + 1 Profile C + 1 service-only,GET/POST/PATCH/DELETE endpoints per profile,notifications.* tables,notifications.{action} per profile,notifications.{action} per profile,no/yes per profile,T-209.4 + T-209.5,11.2.7.3
REQ-NOTIF-010,notifications,WF-064 + 11.2.7.1 Table B,Inherited WF-064 count is 0; Notifications dispatcher routing is downstream of originating module audits not WF-064 inheritance; same precedent as Banking and Documents,n/a,n/a,n/a,n/a,no (clarification only),T-209.5,11.2.7.1
